licence_plate,vehicle_type,manufacturer,model,year,price,KM,old_owners,Test
59265994,Motorbike,Royal Enfield,Classic,1997,89094,250605,0,"(7, 2021)"
46943795,Motorbike,Yamaha,FZ,2021,170796
15588279,Car,Kia,Forte,2016,129889
61436505,Motorbike,Royal Enfield,Bullet,2021,28114
54610573,Car,Kia,Rio,1958,31528,1228634,0,"(7, 2021)"
23400034,Car,Kia,Sportage,2017,145387
63443712,Car,Kia,Picanto,2021,119204
24122835,Motorbike,Royal Enfield,Himalayan,1954,23906,4515356,0,"(2, 2021)"
44729299,Car,Skoda,Superb,1961,19775,2963630,9,"(1, 2021)"
46239282,Car,Toyota,Yaris,1970,118350,2251624,0,"(9, 2021)"
47846032,Car,Tesla,Model Y,2016,174632
57192832,Car,Toyota,Corolla,2010,124757
13276501,Car,Kia,Forte,2016,167065
43279090,Motorbike,Yamaha,SZ-X,2018,129143
36153867,Car,Skoda,Octavia,2012,31036
16631337,Motorbike,Yamaha,SZ-X,1974,236450,829980,0,"(6, 2021)"
16890722,Car,Kia,Forte,1981,225820,1788662,3,"(7, 2021)"
49637645,Motorbike,Royal Enfield,Classic,2022,222258
22401977,Car,Skoda,Superb,2018,240803
69218783,Car,Skoda,Octavia,2011,249434
56672621,Motorbike,Yamaha,SZ-X,1965,212623,605349,4,"(5, 2021)"
36872206,Car,Toyota,Corolla,2022,249830
93907842,Car,Kia,Forte,2015,163002
79433114,Car,Toyota,Prius,2011,181349
39889146,Car,Toyota,Yaris,2010,157445
92820362,Car,Toyota,Prius,2014,145651
39844094,Car,Kia,Picanto,1950,197022,3695861,4,"(6, 2021)"
59204849,Car,Tesla,Model S,2014,174591
21035568,Motorbike,Yamaha,VMAX,2020,235725
76918205,Motorbike,Yamaha,VMAX,2013,220716
96152936,Car,Toyota,Corolla,2012,93232
32103223,Motorbike,Yamaha,VMAX,1983,245056,4284040,10,"(11, 2021)"
40794584,Motorbike,Royal Enfield,Classic,1987,10206,1307965,0,"(8, 2021)"
32934175,Car,Toyota,Yaris,2013,170073
41412842,Motorbike,Royal Enfield,Classic,2010,67384
17700003,Motorbike,Yamaha,FZ,2011,147186
64933294,Motorbike,Royal Enfield,Himalayan,2012,166522
26174240,Motorbike,Yamaha,SZ-X,1976,194577,2080933,1,"(8, 2021)"
93796095,Motorbike,Royal Enfield,Bullet,2018,132875
48014836,Car,Tesla,Model S,2017,48888
86627232,Motorbike,Yamaha,FZ,2014,119063
53563078,Motorbike,Royal Enfield,Classic,2013,111808
32584579,Car,Toyota,Prius,1959,138823,577770,1,"(9, 2021)"
39840609,Car,Tesla,Model S,1984,207993,4923311,2,"(2, 2021)"
55856572,Motorbike,Royal Enfield,Himalayan,2018,17475
81933922,Motorbike,Yamaha,FZ,2022,154694
30083625,Motorbike,Royal Enfield,Himalayan,2016,158039
98203839,Car,Toyota,Corolla,1991,18502,3419756,1,"(7, 2021)"
93383531,Motorbike,Yamaha,FZ,2016,171307
99043719,Car,Tesla,Model 3,2016,83791
62135190,Motorbike,Royal Enfield,Himalayan,1958,206131,4952061,6,"(10, 2021)"
23320596,Car,Skoda,Octavia,1981,142277,1717177,8,"(9, 2021)"
80424322,Motorbike,Royal Enfield,Himalayan,2015,128958
95659652,Car,Skoda,Octavia,2015,179880
80294295,Motorbike,Yamaha,FZ,2013,66810
36029074,Car,Toyota,Corolla,2011,233034
33241624,Car,Kia,Forte,2018,138132
29038277,Motorbike,Royal Enfield,Himalayan,2013,47840
67142890,Motorbike,Yamaha,VMAX,2020,16528
89925641,Car,Toyota,Prius,1949,206799,3519167,1,"(10, 2021)"
37599667,Car,Tesla,Model S,1956,191586,3593655,3,"(5, 2021)"
27746272,Motorbike,Yamaha,SZ-X,1980,156203,3999764,1,"(7, 2021)"
24884821,Car,Toyota,Yaris,1994,61046,3087986,0,"(1, 2021)"
72846998,Car,Tesla,Model Y,2014,59182
97165127,Car,Kia,Sportage,2022,188198
94369548,Motorbike,Royal Enfield,Classic,2010,80791
41772856,Car,Toyota,Corolla,2012,226385
84207603,Motorbike,Yamaha,SZ-X,2017,171276
20665403,Car,Toyota,Yaris,2018,68031
90684247,Car,Tesla,Model 3,2022,115033
96416617,Motorbike,Yamaha,VMAX,1979,41607,4927795,2,"(3, 2021)"
93131707,Motorbike,Yamaha,VMAX,1976,47464,2207016,0,"(10, 2021)"
79449360,Car,Skoda,Superb,1955,91817,4282473,7,"(5, 2021)"
43027513,Car,Kia,Sportage,1992,197636,3662084,2,"(3, 2021)"
24329062,Motorbike,Royal Enfield,Classic,2016,153696
13707036,Car,Toyota,Corolla,1987,184658,4822490,3,"(3, 2021)"
38820284,Motorbike,Royal Enfield,Himalayan,2014,57436
25630154,Car,Toyota,Prius,1994,200400,2645419,0,"(9, 2021)"
92507303,Motorbike,Yamaha,SZ-X,2021,133683
41932821,Car,Kia,Forte,2017,75707
82587572,Car,Tesla,Model Y,2011,15156
23729708,Motorbike,Royal Enfield,Himalayan,2019,56053
32947634,Motorbike,Royal Enfield,Classic,2020,33548
10870715,Motorbike,Yamaha,FZ,2015,157045
88848432,Motorbike,Royal Enfield,Classic,2015,19666
47888086,Motorbike,Royal Enfield,Classic,2011,154616
99783246,Motorbike,Yamaha,SZ-X,2011,152651
52313175,Car,Toyota,Prius,1959,148076,2926266,1,"(6, 2021)"
59998589,Motorbike,Yamaha,FZ,2012,237341
70887959,Car,Tesla,Model 3,1995,35060,1177456,0,"(6, 2021)"
52616353,Car,Tesla,Model Y,2015,171910
36039947,Motorbike,Yamaha,SZ-X,1991,129806,1876687,0,"(8, 2021)"
56749387,Motorbike,Yamaha,SZ-X,2019,90235
76406864,Car,Kia,Sportage,1995,229013,262462,3,"(10, 2021)"
29661757,Car,Toyota,Yaris,1956,130635,4374339,8,"(2, 2021)"
22574256,Motorbike,Yamaha,SZ-X,2012,233312
98463785,Motorbike,Yamaha,VMAX,2016,192539
45440815,Car,Tesla,Model 3,2011,217613
51736610,Car,Skoda,Superb,2019,237424
29754629,Motorbike,Royal Enfield,Bullet,2019,75086
35274473,Car,Kia,Picanto,2021,173085
26256406,Car,Tesla,Model Y,1969,229204,4596134,3,"(4, 2021)"
10968565,Car,Kia,Forte,2013,209920
49097773,Car,Tesla,Model 3,2013,47761
21502532,Car,Tesla,Model S,1974,12481,856710,3,"(6, 2021)"
41366946,Car,Toyota,Prius,2014,110952
33061543,Car,Tesla,Model 3,2011,113866
48767287,Car,Kia,Forte,1988,84295,4516860,1,"(4, 2021)"
86878112,Motorbike,Yamaha,VMAX,1981,172356,2860463,0,"(9, 2021)"
71853767,Motorbike,Yamaha,FZ,2016,44469
60167545,Car,Skoda,Superb,2016,216711
61455358,Motorbike,Yamaha,FZ,1992,13478,2370504,2,"(8, 2021)"
53847925,Motorbike,Royal Enfield,Himalayan,2010,23178
23922303,Car,Tesla,Model S,2015,185529
89742002,Motorbike,Yamaha,FZ,2019,135030
39551632,Car,Kia,Rio,2016,126165
37516180,Motorbike,Royal Enfield,Classic,2022,14084
80699970,Motorbike,Royal Enfield,Himalayan,1981,41514,263934,0,"(8, 2021)"
50351592,Motorbike,Yamaha,SZ-X,2019,14274
70917397,Motorbike,Yamaha,SZ-X,2019,215926
69862960,Car,Tesla,Model 3,2014,122949
74062347,Car,Skoda,Octavia,1982,113747,354132,1,"(5, 2021)"
35565090,Car,Toyota,Yaris,2022,123979
91819491,Motorbike,Yamaha,VMAX,2013,244131
62354846,Motorbike,Yamaha,FZ,2010,137556
64760809,Motorbike,Royal Enfield,Bullet,2022,151341
44278650,Car,Toyota,Prius,2013,128936
77189822,Motorbike,Royal Enfield,Bullet,2022,180590
75290683,Car,Skoda,Octavia,2010,19153
90570637,Car,Tesla,Model 3,2014,55916
95333367,Car,Tesla,Model Y,2012,67934
78349790,Car,Kia,Forte,2021,244524
53218707,Car,Skoda,Superb,2020,37889
41370455,Motorbike,Royal Enfield,Bullet,2010,202227
70471068,Car,Skoda,Superb,2015,96698
97663273,Motorbike,Royal Enfield,Classic,2012,232192
84691386,Car,Skoda,Superb,1978,47461,1920685,1,"(11, 2021)"
44793663,Car,Kia,Rio,1950,33059,929411,5,"(11, 2021)"
58495510,Motorbike,Royal Enfield,Classic,2015,48774
92495559,Car,Skoda,Superb,2014,163830
52029018,Car,Skoda,Octavia,1981,86974,1539892,4,"(2, 2021)"
74135661,Motorbike,Yamaha,SZ-X,2017,157146
92887720,Car,Tesla,Model Y,1980,89207,4284782,6,"(9, 2021)"
59204607,Car,Skoda,Superb,2013,155112
18320728,Car,Tesla,Model Y,2018,236848
35489863,Motorbike,Royal Enfield,Himalayan,1958,195500,688628,2,"(7, 2021)"
55980068,Motorbike,Yamaha,SZ-X,1953,30289,3117929,1,"(3, 2021)"
58845805,Car,Tesla,Model Y,2010,56348
90644821,Motorbike,Royal Enfield,Classic,2011,210634
65694176,Car,Skoda,Superb,1990,210118,2955369,3,"(1, 2021)"
39386909,Motorbike,Royal Enfield,Bullet,2013,72071
10756503,Motorbike,Royal Enfield,Classic,2017,215076
72054228,Car,Skoda,Octavia,2017,27225
17797392,Car,Kia,Forte,2014,118081
86713291,Motorbike,Yamaha,FZ,2020,219505
63159844,Car,Skoda,Octavia,2020,234937
93490271,Motorbike,Royal Enfield,Himalayan,2013,30960
41384334,Car,Toyota,Corolla,1956,163434,3395230,1,"(9, 2021)"
63409650,Motorbike,Royal Enfield,Himalayan,1973,190427,265949,5,"(8, 2021)"
85850511,Motorbike,Royal Enfield,Bullet,2014,145804
63366474,Motorbike,Royal Enfield,Classic,1985,152324,4645417,0,"(7, 2021)"
27082834,Motorbike,Yamaha,SZ-X,1981,59535,784689,3,"(8, 2021)"
86160086,Motorbike,Royal Enfield,Classic,2017,142624
64157963,Car,Skoda,Superb,2021,36596
61343164,Motorbike,Yamaha,SZ-X,2015,13774
44912598,Car,Kia,Rio,2013,100332
43463994,Car,Kia,Picanto,1997,107130,2386433,0,"(4, 2021)"
66016396,Motorbike,Royal Enfield,Classic,1982,177131,4753762,0,"(1, 2021)"
81945155,Motorbike,Yamaha,FZ,2017,52541
18870995,Motorbike,Yamaha,FZ,2015,147277
15477134,Car,Tesla,Model Y,2012,39096
46764296,Car,Skoda,Octavia,1965,195514,1625072,1,"(10, 2021)"
39404421,Car,Kia,Forte,2010,18029
14800190,Motorbike,Royal Enfield,Bullet,2016,89336
36132781,Car,Tesla,Model 3,2017,35673
99779727,Motorbike,Royal Enfield,Bullet,2016,134640
32515452,Motorbike,Royal Enfield,Bullet,2021,148524
70568259,Car,Tesla,Model S,1963,146400,1113389,3,"(4, 2021)"
36590598,Car,Tesla,Model 3,2020,79377
86726725,Car,Tesla,Model Y,2015,23927
51651099,Car,Tesla,Model S,1989,182403,4395930,0,"(4, 2021)"
77909124,Car,Toyota,Yaris,2014,169577
40923450,Motorbike,Royal Enfield,Bullet,2018,133321
31274189,Motorbike,Royal Enfield,Classic,2021,247363
93743180,Car,Tesla,Model S,1949,215293,1133725,0,"(1, 2021)"
62046683,Motorbike,Yamaha,FZ,2022,106862
38209021,Motorbike,Royal Enfield,Bullet,1989,33352,4765828,3,"(1, 2021)"
21179131,Motorbike,Yamaha,SZ-X,2020,208375
49018825,Motorbike,Yamaha,FZ,2015,249816
30328894,Car,Kia,Sportage,1982,90078,1324528,2,"(5, 2021)"
16496712,Motorbike,Yamaha,SZ-X,2011,113443
95467046,Car,Skoda,Superb,1957,183523,3996728,1,"(4, 2021)"
26501088,Car,Kia,Picanto,2020,68839
14856144,Car,Tesla,Model 3,2020,21907
59312751,Motorbike,Royal Enfield,Himalayan,1953,137331,116216,2,"(6, 2021)"
66500634,Car,Tesla,Model S,2010,49770
97593448,Car,Toyota,Prius,1975,50294,2379259,2,"(4, 2021)"
22413299,Motorbike,Royal Enfield,Bullet,1997,70457,275019,0,"(7, 2021)"
32937289,Car,Toyota,Prius,2022,221440
62813065,Motorbike,Royal Enfield,Himalayan,2014,40252
14587821,Motorbike,Royal Enfield,Himalayan,2015,19121
47531077,Motorbike,Yamaha,FZ,1984,167561,3698915,0,"(8, 2021)"
27057808,Motorbike,Royal Enfield,Classic,2021,224332
77518330,Motorbike,Royal Enfield,Classic,2010,235718
29629377,Car,Skoda,Superb,2014,93724
82353549,Motorbike,Royal Enfield,Himalayan,2021,78668
55951817,Motorbike,Royal Enfield,Himalayan,2020,219885
65940921,Car,Toyota,Prius,2015,222627
47514703,Motorbike,Yamaha,SZ-X,2015,207681
58007324,Car,Skoda,Superb,1997,216417,1971870,2,"(6, 2021)"
35345740,Motorbike,Royal Enfield,Himalayan,2020,176420
18134041,Car,Toyota,Prius,2021,116738
81939196,Car,Skoda,Octavia,1971,176705,1206448,0,"(5, 2021)"
82492275,Motorbike,Royal Enfield,Classic,2014,55368
61064622,Car,Toyota,Yaris,2018,97620
97891699,Car,Skoda,Octavia,2016,41655
98814805,Motorbike,Yamaha,SZ-X,2021,23046
36145036,Motorbike,Yamaha,SZ-X,2019,173681
51204972,Motorbike,Royal Enfield,Classic,2021,239460
33348119,Motorbike,Yamaha,VMAX,2018,161421
38385463,Motorbike,Royal Enfield,Himalayan,2014,129528
38316925,Car,Kia,Rio,2011,235376
73584203,Motorbike,Yamaha,SZ-X,2010,106136
21932612,Motorbike,Royal Enfield,Himalayan,1958,179213,4849708,5,"(6, 2021)"
32950364,Car,Skoda,Octavia,2022,237062
67636782,Motorbike,Yamaha,SZ-X,2014,153059
71027246,Motorbike,Royal Enfield,Classic,2022,93847
65380012,Car,Kia,Rio,2018,158354
54659990,Motorbike,Royal Enfield,Bullet,2019,55946
93059220,Motorbike,Royal Enfield,Bullet,2016,70583
73449894,Car,Kia,Sportage,2012,53695
13870236,Motorbike,Yamaha,FZ,2020,77899
36167821,Motorbike,Royal Enfield,Bullet,1953,202051,2817038,0,"(2, 2021)"
97284862,Motorbike,Royal Enfield,Bullet,2019,207967
81635357,Motorbike,Yamaha,SZ-X,2018,78612
47796574,Motorbike,Yamaha,FZ,1985,228205,3395864,0,"(4, 2021)"
47579490,Car,Toyota,Prius,2021,60834
33449187,Car,Toyota,Prius,1986,202302,4222107,2,"(1, 2021)"
93827464,Car,Kia,Sportage,2017,207888
73337012,Motorbike,Yamaha,VMAX,1948,113001,800085,0,"(9, 2021)"
37779515,Car,Skoda,Octavia,1989,165794,1210047,0,"(1, 2021)"
83149657,Car,Toyota,Prius,2011,198534
44723826,Motorbike,Royal Enfield,Classic,1984,194685,4226876,0,"(10, 2021)"
59197151,Motorbike,Yamaha,SZ-X,2014,57160
63276129,Motorbike,Yamaha,SZ-X,2011,157324
43358307,Car,Tesla,Model Y,2020,180402
73435381,Motorbike,Yamaha,FZ,2015,178809
38823555,Motorbike,Royal Enfield,Bullet,2020,66661
82420215,Car,Tesla,Model Y,2016,38221
59762045,Motorbike,Royal Enfield,Himalayan,2015,11850
84851887,Motorbike,Royal Enfield,Bullet,1948,229009,2440861,19,"(4, 2021)"
26938771,Motorbike,Royal Enfield,Himalayan,1980,94292,2362268,0,"(9, 2021)"
79354902,Car,Tesla,Model Y,2018,84083
72001632,Motorbike,Yamaha,SZ-X,1975,54774,3045988,1,"(9, 2021)"
89230002,Motorbike,Royal Enfield,Bullet,2014,31105
49106336,Car,Tesla,Model S,1992,238968,3593119,4,"(3, 2021)"
43238727,Car,Skoda,Superb,2018,181260
72332780,Motorbike,Yamaha,VMAX,2018,147421
94579669,Car,Toyota,Prius,2011,32687
32189271,Motorbike,Royal Enfield,Himalayan,2019,55117
45497723,Motorbike,Yamaha,FZ,2019,182523
33974459,Car,Kia,Rio,2022,25355
77959084,Motorbike,Royal Enfield,Bullet,2022,193328
77187397,Motorbike,Yamaha,SZ-X,2010,155768
22930896,Car,Toyota,Yaris,2018,190034
82423192,Motorbike,Yamaha,VMAX,2021,67449
36990429,Motorbike,Royal Enfield,Classic,2018,179235
17819243,Motorbike,Royal Enfield,Himalayan,2021,60390
16798093,Motorbike,Royal Enfield,Classic,1974,232409,2462467,0,"(8, 2021)"
99041494,Motorbike,Royal Enfield,Classic,2016,157832
55266534,Car,Skoda,Octavia,2021,140734
64606583,Car,Toyota,Corolla,1972,194183,1189894,3,"(9, 2021)"
48674023,Motorbike,Yamaha,VMAX,1969,228426,4760381,1,"(2, 2021)"
54264068,Car,Tesla,Model S,1977,117210,2095714,0,"(1, 2021)"
54002345,Car,Kia,Forte,2020,210953
42247954,Car,Toyota,Yaris,1950,145733,2663443,0,"(3, 2021)"
13372736,Car,Toyota,Yaris,2019,192581
85986709,Motorbike,Royal Enfield,Classic,2019,178526
67350218,Motorbike,Royal Enfield,Himalayan,2016,107369
41432777,Motorbike,Royal Enfield,Classic,1966,164863,2177795,0,"(7, 2021)"
51310702,Car,Toyota,Yaris,2012,168514
63958938,Motorbike,Yamaha,VMAX,1997,208392,1434096,4,"(9, 2021)"
80907185,Car,Kia,Rio,1957,145726,405675,1,"(11, 2021)"
35204034,Car,Toyota,Yaris,1992,232006,3502688,2,"(1, 2021)"
58297341,Motorbike,Yamaha,VMAX,2013,41631
24683753,Motorbike,Royal Enfield,Classic,2022,164872
92695616,Motorbike,Yamaha,FZ,1975,143848,4078330,2,"(1, 2021)"
75305591,Car,Toyota,Corolla,2013,195632
15385274,Car,Skoda,Superb,2020,189621
33252683,Motorbike,Yamaha,FZ,2021,199137
85088735,Motorbike,Royal Enfield,Bullet,1979,105657,361124,1,"(7, 2021)"
52567642,Motorbike,Yamaha,FZ,1960,79272,290829,3,"(7, 2021)"
71651024,Car,Tesla,Model S,2022,122242
85389662,Motorbike,Yamaha,VMAX,1973,112217,2247733,5,"(6, 2021)"
67994549,Car,Skoda,Superb,2021,101662
82692710,Car,Kia,Sportage,2018,163071
67962159,Motorbike,Royal Enfield,Himalayan,1961,223842,1148842,0,"(9, 2021)"
66342242,Motorbike,Royal Enfield,Classic,2013,83974
25578230,Motorbike,Yamaha,VMAX,2011,100451
31381025,Car,Toyota,Corolla,1983,110036,3002516,3,"(9, 2021)"
64552633,Motorbike,Yamaha,VMAX,2016,69129
58526022,Car,Skoda,Octavia,2020,188276
78112943,Motorbike,Yamaha,FZ,2011,33742
16800513,Car,Skoda,Octavia,2014,71185
58749398,Car,Skoda,Superb,2019,27410
55482351,Car,Kia,Forte,2022,93870
71203662,Motorbike,Yamaha,FZ,2021,174319
37678644,Car,Kia,Rio,2010,45376
94795837,Motorbike,Royal Enfield,Bullet,2015,55692
24806714,Car,Tesla,Model S,2017,158385
24779632,Car,Toyota,Prius,2018,237252
97469649,Car,Skoda,Octavia,2022,29256
91201339,Car,Kia,Sportage,1969,223005,3993629,2,"(4, 2021)"
99589085,Motorbike,Yamaha,VMAX,2011,15108
27210395,Motorbike,Yamaha,SZ-X,2012,201026
74513488,Car,Skoda,Octavia,2021,92888
62979559,Car,Toyota,Corolla,2010,35160
87927716,Car,Toyota,Prius,1987,99803,3053943,1,"(9, 2021)"
32950082,Car,Toyota,Yaris,1956,169093,2529981,0,"(8, 2021)"
57482289,Motorbike,Yamaha,SZ-X,1968,243827,1809057,2,"(8, 2021)"
83054914,Motorbike,Yamaha,SZ-X,2018,175499
87053130,Car,Kia,Forte,2019,187988
78701353,Car,Kia,Picanto,1960,180558,4569850,6,"(10, 2021)"
15274440,Car,Toyota,Prius,2018,117998
47728609,Car,Tesla,Model Y,2012,174963
60075507,Car,Tesla,Model S,1991,73256,2452697,0,"(3, 2021)"
17011812,Motorbike,Yamaha,FZ,1952,23491,1435566,0,"(2, 2021)"
28302832,Motorbike,Yamaha,FZ,2015,32440
51283857,Car,Tesla,Model 3,1991,153723,1295075,1,"(3, 2021)"
72933121,Motorbike,Yamaha,VMAX,2012,149676
56564114,Motorbike,Yamaha,VMAX,2019,12998
55728013,Motorbike,Yamaha,FZ,2015,33855
97647952,Car,Kia,Rio,1986,39602,232722,1,"(10, 2021)"
67533077,Car,Tesla,Model 3,1949,248591,4058495,1,"(4, 2021)"
58242210,Motorbike,Royal Enfield,Classic,2015,231179
67765816,Motorbike,Yamaha,SZ-X,2012,58325
47596407,Motorbike,Yamaha,FZ,1969,150060,4987512,3,"(10, 2021)"
53757756,Motorbike,Yamaha,FZ,2021,206162
35820606,Motorbike,Yamaha,FZ,2013,73607
57166695,Motorbike,Royal Enfield,Bullet,2017,66269
58352205,Motorbike,Royal Enfield,Bullet,1978,233710,3925703,9,"(4, 2021)"
94275654,Motorbike,Royal Enfield,Bullet,2018,217749
62152330,Car,Toyota,Corolla,2016,139263
24026127,Car,Toyota,Yaris,2011,142304
19798891,Motorbike,Yamaha,FZ,2011,144857
68485076,Car,Toyota,Prius,2014,194960
64426058,Car,Tesla,Model Y,2010,151255
72601283,Car,Kia,Picanto,2017,218025
51926120,Car,Toyota,Yaris,1977,135577,1003409,2,"(10, 2021)"
44441013,Motorbike,Royal Enfield,Bullet,2019,11116
94031019,Car,Toyota,Yaris,2015,219133
94636585,Car,Tesla,Model S,2022,54445
33487845,Motorbike,Yamaha,SZ-X,2014,155460
34299692,Motorbike,Royal Enfield,Bullet,1959,56161,1900284,5,"(5, 2021)"
17886652,Car,Tesla,Model 3,1981,104402,4585796,3,"(8, 2021)"
17183768,Car,Skoda,Octavia,2017,52083
11916034,Motorbike,Royal Enfield,Himalayan,2012,218378
40268446,Car,Kia,Forte,2017,52071
47031397,Motorbike,Yamaha,FZ,2021,134959
85558111,Motorbike,Royal Enfield,Himalayan,2017,106915
70072657,Car,Skoda,Octavia,1995,216112,3058578,1,"(9, 2021)"
38845089,Car,Skoda,Superb,1997,98526,1956420,0,"(7, 2021)"
21068690,Motorbike,Royal Enfield,Himalayan,2020,231488
10915269,Motorbike,Royal Enfield,Classic,2019,52356
66976235,Motorbike,Yamaha,SZ-X,2010,121349
28349133,Car,Toyota,Yaris,2017,116785
34790002,Car,Skoda,Superb,1994,62007,397235,1,"(6, 2021)"
17701879,Motorbike,Royal Enfield,Bullet,1977,78981,3924513,9,"(4, 2021)"
50884186,Car,Tesla,Model 3,2012,157821
51651452,Motorbike,Royal Enfield,Himalayan,2015,88936
63359176,Motorbike,Royal Enfield,Bullet,2022,175895
34358125,Motorbike,Royal Enfield,Bullet,2010,20296
71355984,Motorbike,Royal Enfield,Bullet,1995,63951,4545320,0,"(10, 2021)"
36629399,Motorbike,Yamaha,SZ-X,2012,82934
83758398,Motorbike,Royal Enfield,Himalayan,1981,167877,3671186,3,"(3, 2021)"
32613890,Car,Skoda,Octavia,1999,28595,2686317,0,"(10, 2021)"
98891281,Motorbike,Royal Enfield,Bullet,2011,171845
38895762,Car,Tesla,Model 3,1999,57028,1334214,2,"(4, 2021)"
10479936,Motorbike,Yamaha,FZ,2022,85860
31602102,Motorbike,Yamaha,VMAX,2012,88903
62899831,Car,Tesla,Model Y,2013,131618
90191257,Car,Kia,Rio,2013,86681
83100987,Car,Tesla,Model 3,1982,89990,112542,0,"(2, 2021)"
95912115,Motorbike,Yamaha,SZ-X,1979,108601,4772965,2,"(1, 2021)"
30971206,Car,Kia,Forte,1987,95249,2295641,2,"(2, 2021)"
51813931,Motorbike,Yamaha,SZ-X,2018,20655
17499324,Motorbike,Yamaha,SZ-X,1995,213005,2114087,1,"(7, 2021)"
93210319,Motorbike,Yamaha,VMAX,2020,15681
48367796,Motorbike,Yamaha,FZ,2015,104827
49839827,Car,Tesla,Model S,2012,109452
59496847,Motorbike,Yamaha,FZ,2018,116882
17753395,Car,Toyota,Prius,2011,60775
23678903,Motorbike,Royal Enfield,Bullet,2015,11959
26228674,Car,Tesla,Model Y,1969,214801,1750135,0,"(10, 2021)"
42914840,Car,Skoda,Superb,1994,71377,2093710,4,"(5, 2021)"
32462347,Motorbike,Yamaha,SZ-X,2012,97873
52121348,Car,Tesla,Model 3,2013,126495
86304617,Car,Tesla,Model S,2015,174199
34874013,Motorbike,Royal Enfield,Classic,2012,126295
34435820,Motorbike,Yamaha,SZ-X,1983,183015,2401988,0,"(3, 2021)"
25566221,Motorbike,Royal Enfield,Himalayan,1951,193336,759504,1,"(1, 2021)"
29932111,Car,Skoda,Superb,2015,23882
87494644,Motorbike,Royal Enfield,Bullet,2017,20094
78645872,Motorbike,Royal Enfield,Himalayan,2013,197578
73439417,Car,Tesla,Model S,2016,15278
30828482,Motorbike,Yamaha,SZ-X,2013,246841
22075485,Motorbike,Royal Enfield,Himalayan,1957,172528,1919769,1,"(11, 2021)"
96032320,Car,Tesla,Model S,2019,119643
90339369,Motorbike,Royal Enfield,Bullet,1959,122841,3590605,0,"(4, 2021)"
60568954,Car,Kia,Rio,2013,153044
33499859,Car,Skoda,Superb,2022,186831
40614277,Motorbike,Royal Enfield,Classic,2014,226570
86212059,Motorbike,Yamaha,VMAX,2017,122459
49879940,Car,Toyota,Yaris,1997,173597,2412825,2,"(7, 2021)"
21274527,Car,Tesla,Model 3,2022,179523
25030583,Car,Toyota,Yaris,2013,153842
18526163,Motorbike,Royal Enfield,Classic,2012,196790
75528013,Motorbike,Yamaha,SZ-X,1995,229371,1559692,1,"(4, 2021)"
93670829,Car,Tesla,Model 3,2022,148739
53639927,Car,Tesla,Model S,1960,14930,3096303,0,"(9, 2021)"
97245934,Motorbike,Royal Enfield,Bullet,2017,49420
31045561,Car,Tesla,Model S,2019,99587
66605305,Car,Tesla,Model Y,2012,91107
11025846,Car,Toyota,Yaris,2016,116410
63768542,Car,Kia,Forte,2019,197639
64790686,Car,Tesla,Model S,2018,176588
46908683,Car,Kia,Forte,2016,90185
56704168,Motorbike,Royal Enfield,Himalayan,2018,77077
25801262,Car,Kia,Rio,1988,45662,4344395,1,"(7, 2021)"
71298328,Car,Skoda,Octavia,2011,232593
27703297,Motorbike,Yamaha,FZ,1969,230263,4907573,0,"(9, 2021)"
34200889,Motorbike,Royal Enfield,Bullet,2019,143011
57377213,Car,Toyota,Corolla,2015,204818
39924354,Motorbike,Yamaha,FZ,2015,21497
79213691,Car,Skoda,Superb,1972,195187,795162,1,"(2, 2021)"
94271906,Car,Kia,Sportage,2012,48833
83501373,Car,Skoda,Superb,2017,137730
70288390,Motorbike,Yamaha,FZ,2013,103316
98788538,Car,Kia,Rio,1989,243457,1609099,0,"(2, 2021)"
22256593,Car,Tesla,Model 3,2018,101976
12886850,Motorbike,Yamaha,SZ-X,2011,151611
97781001,Motorbike,Royal Enfield,Bullet,1975,77984,2157400,1,"(3, 2021)"
67883857,Motorbike,Royal Enfield,Bullet,2014,31867
89841957,Car,Skoda,Superb,1954,247607,269615,4,"(2, 2021)"
82929811,Car,Tesla,Model Y,1974,39747,1404265,0,"(5, 2021)"
54412900,Motorbike,Yamaha,VMAX,2019,234002
29375420,Motorbike,Royal Enfield,Himalayan,2010,148446
83137157,Motorbike,Royal Enfield,Himalayan,2012,206421
36876828,Car,Skoda,Octavia,1984,143681,4745110,1,"(9, 2021)"
32934218,Motorbike,Yamaha,VMAX,2015,12564
85268397,Car,Skoda,Octavia,2015,239309
43519653,Motorbike,Yamaha,SZ-X,2022,64855
78700545,Car,Tesla,Model 3,2019,51581
10482085,Car,Toyota,Prius,2016,166509
44161887,Car,Toyota,Yaris,2010,172223
36949533,Motorbike,Yamaha,FZ,2012,129620
85714639,Motorbike,Royal Enfield,Classic,1954,38545,2089158,1,"(3, 2021)"
63690266,Motorbike,Yamaha,FZ,2019,190741
62358754,Car,Kia,Rio,2020,23457
58210059,Car,Kia,Sportage,2014,10886
23649745,Car,Toyota,Corolla,2017,107460
34231101,Car,Toyota,Corolla,1962,229866,3773675,1,"(10, 2021)"
68822519,Motorbike,Yamaha,VMAX,2017,103962
68461121,Motorbike,Yamaha,FZ,1985,86271,4436792,2,"(4, 2021)"
87206942,Motorbike,Royal Enfield,Bullet,2020,201894
96142312,Motorbike,Yamaha,VMAX,1990,18504,4327259,1,"(9, 2021)"
23776133,Motorbike,Yamaha,VMAX,2011,182583
93265252,Car,Toyota,Prius,2011,241653
40734212,Motorbike,Yamaha,SZ-X,2021,126892
65762784,Motorbike,Royal Enfield,Bullet,1955,158565,4585673,1,"(3, 2021)"
87616952,Motorbike,Royal Enfield,Classic,2013,159631
53660820,Car,Kia,Sportage,1950,70035,2069013,0,"(9, 2021)"
33062812,Motorbike,Yamaha,SZ-X,2011,31091
35486542,Car,Toyota,Yaris,1956,148418,3953351,3,"(4, 2021)"
26517823,Car,Tesla,Model 3,2013,205682
85911701,Motorbike,Royal Enfield,Bullet,2018,226649
14164842,Motorbike,Yamaha,VMAX,2011,100784
53819819,Car,Skoda,Superb,2016,28732
53140971,Car,Skoda,Octavia,2016,82887
48815846,Motorbike,Yamaha,FZ,1998,10747,4183770,0,"(8, 2021)"
99544019,Motorbike,Royal Enfield,Himalayan,2011,195063
12431662,Motorbike,Yamaha,FZ,2022,140058
69013555,Motorbike,Royal Enfield,Bullet,2011,69307
23603210,Motorbike,Yamaha,FZ,2016,160714
71890424,Car,Toyota,Prius,2022,184563
56853416,Motorbike,Royal Enfield,Bullet,2012,38193
88397700,Car,Toyota,Prius,2013,181001
25640753,Motorbike,Royal Enfield,Himalayan,2020,173203
92890184,Motorbike,Yamaha,FZ,1988,21541,4376492,0,"(11, 2021)"
69529826,Motorbike,Yamaha,VMAX,2015,238887
73398304,Motorbike,Yamaha,VMAX,2016,53078
40092809,Motorbike,Royal Enfield,Classic,2015,14662
18268412,Car,Skoda,Octavia,2020,121615
74547815,Motorbike,Yamaha,SZ-X,1980,184660,1140756,0,"(7, 2021)"
44303753,Car,Kia,Forte,1952,24386,3330063,6,"(11, 2021)"
24371648,Car,Tesla,Model S,2014,213190
41358802,Car,Tesla,Model 3,2020,246413
97541009,Motorbike,Royal Enfield,Bullet,2016,208410
90130188,Motorbike,Yamaha,VMAX,2017,96978
51077101,Motorbike,Royal Enfield,Classic,2018,233656
55671468,Motorbike,Yamaha,FZ,2010,222305
27288212,Car,Tesla,Model 3,2022,203565
98415429,Motorbike,Royal Enfield,Himalayan,2014,154246
85710479,Car,Toyota,Prius,2017,132800
23395038,Motorbike,Royal Enfield,Classic,2012,150446
46069963,Car,Toyota,Yaris,2016,178258
87292255,Car,Toyota,Prius,1977,84362,4434192,3,"(5, 2021)"
58659278,Motorbike,Royal Enfield,Himalayan,1968,153282,4908008,1,"(10, 2021)"
19806354,Motorbike,Yamaha,SZ-X,1996,60622,2641915,1,"(10, 2021)"
70051998,Car,Skoda,Octavia,1993,11152,638838,2,"(10, 2021)"
37938475,Car,Kia,Picanto,1949,161058,2893398,3,"(11, 2021)"
88189070,Motorbike,Yamaha,VMAX,2022,95019
79566838,Motorbike,Royal Enfield,Himalayan,1960,45965,2320617,6,"(6, 2021)"
89689209,Motorbike,Yamaha,FZ,2012,136142
23614088,Car,Kia,Rio,2013,240975
37819273,Car,Skoda,Superb,2018,42070
30736133,Motorbike,Yamaha,VMAX,2015,209355
49250354,Motorbike,Royal Enfield,Himalayan,1948,94200,3567719,1,"(11, 2021)"
51812782,Car,Skoda,Superb,1971,58230,3709293,0,"(6, 2021)"
35864034,Motorbike,Yamaha,VMAX,2010,20477
38898969,Car,Kia,Forte,1993,134483,1883982,1,"(4, 2021)"
54822014,Motorbike,Yamaha,FZ,2013,123727
87159539,Car,Toyota,Yaris,2011,244031
11410340,Motorbike,Royal Enfield,Bullet,1977,166509,2557041,2,"(8, 2021)"
95744520,Car,Toyota,Prius,1976,175730,3261369,4,"(6, 2021)"
89500837,Motorbike,Yamaha,FZ,1971,225074,1676543,0,"(11, 2021)"
18197529,Car,Toyota,Prius,2019,125728
69754522,Car,Toyota,Corolla,2019,64793
59923544,Car,Kia,Forte,2018,201399
67692274,Car,Kia,Picanto,1968,21443,4338886,0,"(10, 2021)"
86944403,Motorbike,Yamaha,VMAX,2016,185669
20739461,Car,Toyota,Corolla,1965,141852,2397870,0,"(10, 2021)"
91067592,Motorbike,Royal Enfield,Bullet,2017,133879
59840582,Motorbike,Yamaha,FZ,1990,47379,2446300,0,"(6, 2021)"
27736101,Motorbike,Yamaha,SZ-X,2012,152804
23781729,Motorbike,Yamaha,SZ-X,1955,232889,2954540,4,"(7, 2021)"
70830869,Car,Tesla,Model Y,1957,116469,3903774,14,"(7, 2021)"
46535243,Car,Kia,Sportage,2022,155929
17927612,Car,Skoda,Superb,2012,65248
90272852,Car,Tesla,Model S,2019,209554
42223748,Motorbike,Yamaha,FZ,1972,181492,4606438,0,"(9, 2021)"
91520678,Motorbike,Yamaha,SZ-X,2022,169327
81495048,Motorbike,Yamaha,VMAX,2021,180024
32114796,Car,Tesla,Model 3,2012,96716
76950831,Motorbike,Yamaha,SZ-X,2021,228600
48991041,Motorbike,Yamaha,SZ-X,1965,88842,1113955,1,"(2, 2021)"
68514724,Car,Tesla,Model S,1963,188007,484234,20,"(9, 2021)"
67844992,Car,Kia,Picanto,1996,65725,4218140,0,"(7, 2021)"
23345616,Car,Kia,Forte,2019,99953
80029089,Motorbike,Yamaha,FZ,1960,43955,4998194,1,"(2, 2021)"
44458580,Car,Kia,Forte,1989,63692,3416104,2,"(4, 2021)"
98738013,Car,Skoda,Superb,2020,41560
39308403,Motorbike,Yamaha,VMAX,2013,142092
24995877,Car,Toyota,Prius,2015,68842
74006842,Car,Kia,Rio,2010,154090
76747082,Car,Skoda,Superb,2015,45550
62729383,Motorbike,Yamaha,FZ,2021,48792
76457174,Car,Kia,Picanto,2022,45927
54282035,Motorbike,Yamaha,SZ-X,2011,181851
98872514,Car,Kia,Sportage,2022,37221
88614713,Car,Kia,Picanto,2017,31362
25393264,Car,Kia,Forte,2011,106241
30977281,Car,Tesla,Model Y,2021,193583
60744203,Car,Skoda,Superb,1978,15912,2236223,2,"(7, 2021)"
73235801,Motorbike,Yamaha,FZ,2021,171532
48176527,Motorbike,Yamaha,SZ-X,1983,215872,1995190,2,"(1, 2021)"
52063886,Car,Skoda,Octavia,2011,160819
39220074,Car,Kia,Picanto,2019,56730
12729397,Car,Skoda,Superb,1992,75474,3117917,0,"(6, 2021)"
57799995,Motorbike,Royal Enfield,Bullet,2015,184425
24404494,Car,Kia,Rio,2010,160122
23139277,Motorbike,Royal Enfield,Bullet,2016,236654
31962443,Car,Toyota,Corolla,2013,46457
63560369,Motorbike,Royal Enfield,Classic,2016,48420
65194110,Car,Skoda,Superb,2022,58346
71845021,Car,Skoda,Superb,2021,99974
56834675,Car,Kia,Forte,2021,26769
53991793,Car,Toyota,Prius,2019,155856
77225112,Motorbike,Royal Enfield,Bullet,2011,72656
67125243,Car,Tesla,Model 3,1970,103978,2127633,0,"(7, 2021)"
24437362,Car,Toyota,Corolla,2014,34386
30133385,Car,Skoda,Octavia,2017,125108
64300398,Car,Kia,Forte,2021,101623
90864579,Car,Tesla,Model Y,1998,20922,3958719,0,"(11, 2021)"
23251132,Car,Skoda,Superb,1992,110949,1262053,5,"(4, 2021)"
26669002,Car,Tesla,Model Y,2010,32008
42955705,Motorbike,Royal Enfield,Bullet,2022,210993
58565475,Car,Tesla,Model Y,2012,232976
62154696,Car,Tesla,Model 3,2010,79142
65213013,Motorbike,Royal Enfield,Himalayan,2013,189548
44758637,Motorbike,Yamaha,FZ,2013,243379
80147912,Car,Toyota,Yaris,1993,77175,2930540,1,"(2, 2021)"
65339520,Car,Tesla,Model Y,2018,235030
73694827,Car,Toyota,Yaris,1971,227462,2214696,0,"(6, 2021)"
68572593,Motorbike,Royal Enfield,Classic,2021,17231
74075022,Motorbike,Yamaha,FZ,2015,14924
84606977,Car,Skoda,Octavia,2013,180831
49501769,Motorbike,Yamaha,VMAX,2018,168374
81595323,Car,Skoda,Octavia,2020,125521
77168881,Car,Toyota,Corolla,1975,124432,2722940,1,"(5, 2021)"
14436115,Motorbike,Yamaha,SZ-X,1969,142496,4085352,1,"(7, 2021)"
66618854,Motorbike,Royal Enfield,Himalayan,2017,82235
51329155,Car,Toyota,Prius,2016,237836
57095805,Motorbike,Yamaha,VMAX,2011,75646
40211692,Car,Kia,Rio,2012,101953
45628879,Motorbike,Royal Enfield,Classic,2013,174337
98549357,Motorbike,Royal Enfield,Himalayan,2011,97176
97700425,Car,Kia,Picanto,1998,211596,2427706,3,"(7, 2021)"
78852561,Car,Tesla,Model 3,2020,33558
33906564,Motorbike,Royal Enfield,Bullet,2013,98347
67324850,Car,Kia,Forte,2014,59496
42608489,Motorbike,Royal Enfield,Himalayan,2012,17146
75433883,Car,Tesla,Model Y,2019,141365
68435709,Car,Skoda,Superb,1956,87071,3931797,0,"(10, 2021)"
61793188,Car,Kia,Picanto,2020,186746
96453797,Car,Tesla,Model 3,1955,114094,477368,1,"(5, 2021)"
17185930,Motorbike,Royal Enfield,Classic,2020,186259
33144062,Car,Toyota,Yaris,2020,219575
92211181,Car,Tesla,Model Y,2012,188922
57115676,Car,Skoda,Superb,2020,89108
24949354,Car,Tesla,Model 3,2017,156296
88977761,Motorbike,Royal Enfield,Classic,2018,245820
45341086,Car,Toyota,Yaris,1965,249127,652517,1,"(8, 2021)"
53004520,Motorbike,Royal Enfield,Himalayan,2014,95389
50889331,Car,Tesla,Model 3,2010,61965
86354756,Motorbike,Royal Enfield,Classic,2010,210201
26035306,Motorbike,Yamaha,SZ-X,1997,185751,2039450,1,"(8, 2021)"
29939797,Car,Kia,Sportage,2011,35609
83379873,Car,Skoda,Superb,1952,11663,4466256,3,"(9, 2021)"
61919610,Car,Kia,Rio,2010,95281
61945433,Motorbike,Royal Enfield,Bullet,2013,92820
17186872,Motorbike,Yamaha,VMAX,2019,103752
10511427,Car,Toyota,Yaris,1954,207003,183842,2,"(8, 2021)"
96875952,Motorbike,Yamaha,FZ,2012,190726
61547375,Motorbike,Yamaha,SZ-X,2021,176019
84331245,Car,Skoda,Superb,2016,20167
42907437,Car,Kia,Picanto,2011,72808
91932886,Car,Skoda,Superb,1948,51533,2461623,0,"(7, 2021)"
36054801,Motorbike,Yamaha,SZ-X,1990,53723,4704773,1,"(7, 2021)"
94417721,Motorbike,Royal Enfield,Himalayan,2022,23554
20656944,Car,Toyota,Yaris,2017,204050
17201520,Motorbike,Yamaha,FZ,2019,76937
60771625,Motorbike,Royal Enfield,Himalayan,2017,209950
95062676,Motorbike,Yamaha,SZ-X,2011,228990
70970958,Motorbike,Yamaha,FZ,2013,28962
57963927,Car,Toyota,Yaris,2014,209608
72877643,Car,Skoda,Octavia,2018,234742
46602325,Car,Skoda,Superb,2013,116021
70640475,Car,Tesla,Model Y,1982,114807,432325,0,"(10, 2021)"
78826025,Motorbike,Yamaha,VMAX,1975,39247,2169254,5,"(6, 2021)"
59612037,Car,Toyota,Prius,1958,238817,1748015,0,"(4, 2021)"
95957124,Car,Tesla,Model S,2014,45596
57109300,Car,Skoda,Octavia,2019,188985
59517267,Motorbike,Yamaha,VMAX,2021,85238
57180712,Motorbike,Royal Enfield,Himalayan,2020,115983
92802766,Motorbike,Yamaha,FZ,1979,43105,2993958,1,"(9, 2021)"
39522445,Motorbike,Yamaha,FZ,2018,78115
57511874,Car,Kia,Forte,1981,130949,1148834,0,"(10, 2021)"
55492948,Car,Tesla,Model Y,1968,147974,2423940,0,"(11, 2021)"
69573217,Motorbike,Yamaha,FZ,1949,214112,4173040,0,"(8, 2021)"
55162991,Motorbike,Yamaha,VMAX,2010,81798
86387242,Car,Skoda,Octavia,2015,98835
27401198,Car,Kia,Picanto,2018,32877
80542390,Motorbike,Royal Enfield,Himalayan,2015,119661
57193920,Motorbike,Yamaha,FZ,2020,110555
38590170,Car,Toyota,Yaris,2019,125517
81447748,Car,Kia,Forte,2017,133738
34639348,Motorbike,Yamaha,FZ,2019,19327
29914208,Motorbike,Royal Enfield,Bullet,2022,47210
12065497,Motorbike,Royal Enfield,Himalayan,1952,202143,359878,0,"(10, 2021)"
68816460,Car,Tesla,Model 3,1956,25274,2334406,5,"(6, 2021)"
38960405,Motorbike,Yamaha,SZ-X,1955,69770,3512847,5,"(8, 2021)"
52662832,Motorbike,Royal Enfield,Bullet,2011,191026
98826954,Motorbike,Yamaha,SZ-X,2010,192396
64340387,Car,Kia,Rio,2022,96155
13284138,Car,Skoda,Octavia,2021,92562
96504089,Car,Toyota,Yaris,1975,10989,1164625,0,"(9, 2021)"
43027452,Motorbike,Yamaha,VMAX,2018,133831
94460650,Motorbike,Royal Enfield,Classic,2018,37408
68288676,Car,Skoda,Superb,2019,26650
51182188,Motorbike,Yamaha,FZ,2010,93286
68395351,Motorbike,Yamaha,VMAX,2011,79857
54267619,Motorbike,Royal Enfield,Classic,2021,237124
48596634,Motorbike,Royal Enfield,Classic,2022,101152
50146354,Motorbike,Royal Enfield,Classic,2015,138079
19411125,Motorbike,Royal Enfield,Himalayan,1996,87492,2011333,5,"(6, 2021)"
23926100,Motorbike,Royal Enfield,Bullet,2015,146929
70234151,Motorbike,Royal Enfield,Bullet,2010,110208
34968582,Car,Kia,Forte,2013,132897
40650693,Motorbike,Royal Enfield,Bullet,1981,145317,4265820,1,"(7, 2021)"
32436271,Motorbike,Yamaha,FZ,2019,21862
42645150,Motorbike,Royal Enfield,Bullet,2013,60695
16794948,Motorbike,Royal Enfield,Bullet,2018,203427
91828528,Motorbike,Royal Enfield,Bullet,2014,128817
62989018,Motorbike,Royal Enfield,Himalayan,2010,190735
24786383,Motorbike,Royal Enfield,Bullet,2021,152340
20811036,Car,Skoda,Superb,2013,216602
17069855,Motorbike,Yamaha,SZ-X,2012,81309
13880066,Car,Toyota,Yaris,2011,153812
31743669,Motorbike,Yamaha,VMAX,2014,78207
98627240,Motorbike,Yamaha,FZ,1959,142919,1271104,3,"(1, 2021)"
96939538,Car,Tesla,Model 3,2011,108950
97839593,Motorbike,Royal Enfield,Bullet,2021,19471
44993934,Motorbike,Royal Enfield,Bullet,2011,23026
99060168,Car,Skoda,Superb,1974,174152,4022877,2,"(7, 2021)"
82576074,Motorbike,Royal Enfield,Classic,2015,138202
99668062,Motorbike,Yamaha,SZ-X,2021,245285
13161749,Car,Kia,Picanto,2013,161182
12918492,Motorbike,Royal Enfield,Bullet,2019,22539
29734540,Motorbike,Royal Enfield,Classic,2020,149885
57877430,Motorbike,Royal Enfield,Himalayan,1989,36923,2326374,0,"(9, 2021)"
90506457,Car,Skoda,Superb,1989,245548,3835163,1,"(4, 2021)"
58255494,Car,Toyota,Corolla,1985,169816,1120829,2,"(4, 2021)"
16868438,Car,Skoda,Superb,1964,95818,539396,4,"(10, 2021)"
14316721,Car,Kia,Picanto,2015,174557
90684333,Motorbike,Yamaha,SZ-X,1986,188087,497217,3,"(7, 2021)"
44632135,Motorbike,Yamaha,VMAX,2021,221622
40650523,Car,Toyota,Yaris,2011,35972
66146449,Car,Toyota,Prius,2011,90029
17042796,Car,Skoda,Superb,1980,229730,4724413,3,"(11, 2021)"
57529844,Car,Kia,Rio,1979,249927,1096665,2,"(7, 2021)"
28274246,Motorbike,Royal Enfield,Himalayan,2016,205540
66663463,Motorbike,Yamaha,SZ-X,2011,172582
25571150,Motorbike,Royal Enfield,Classic,2012,67387
15109471,Motorbike,Yamaha,SZ-X,2014,96980
97138396,Motorbike,Yamaha,VMAX,2012,172306
60493658,Motorbike,Yamaha,FZ,1951,237159,4302103,1,"(11, 2021)"
77475644,Car,Skoda,Superb,2018,173507
39335426,Motorbike,Yamaha,VMAX,2013,201398
98169649,Car,Tesla,Model 3,2010,164911
65887502,Car,Skoda,Octavia,2011,184900
79719759,Car,Skoda,Octavia,1958,65248,543639,7,"(4, 2021)"
13561191,Motorbike,Royal Enfield,Himalayan,1954,239065,1469300,0,"(10, 2021)"
19525027,Motorbike,Royal Enfield,Classic,1969,44874,268776,1,"(10, 2021)"
28405954,Motorbike,Royal Enfield,Himalayan,1976,19349,4256531,6,"(8, 2021)"
63011657,Motorbike,Royal Enfield,Himalayan,2020,11494
26794598,Motorbike,Yamaha,VMAX,2016,66858
85233241,Motorbike,Royal Enfield,Classic,2016,104946
94928002,Motorbike,Royal Enfield,Bullet,1965,183795,1930698,1,"(10, 2021)"
16880942,Car,Tesla,Model Y,1981,114926,2559971,7,"(4, 2021)"
26198763,Car,Skoda,Superb,2017,119096
36115056,Motorbike,Yamaha,FZ,2014,62519
54153482,Motorbike,Royal Enfield,Bullet,2010,211915
87220515,Car,Tesla,Model Y,1954,243569,2627449,5,"(5, 2021)"
37609901,Motorbike,Royal Enfield,Himalayan,2022,196738
43580133,Motorbike,Yamaha,SZ-X,2012,54361
46212698,Car,Skoda,Superb,1960,128502,2054567,0,"(4, 2021)"
11435195,Motorbike,Royal Enfield,Bullet,1958,64151,2900124,2,"(3, 2021)"
93931346,Motorbike,Royal Enfield,Bullet,2021,49318
14128674,Motorbike,Royal Enfield,Himalayan,2019,22698
58583211,Car,Kia,Picanto,1977,83805,2728554,0,"(3, 2021)"
41993387,Motorbike,Royal Enfield,Bullet,2015,37104
98189408,Car,Toyota,Corolla,1961,24392,4942599,0,"(6, 2021)"
22408209,Car,Toyota,Corolla,2014,144040
83198236,Car,Tesla,Model 3,1968,10539,3333193,3,"(10, 2021)"
27366429,Motorbike,Royal Enfield,Bullet,2022,12440
40478303,Car,Skoda,Octavia,1991,38758,1963885,1,"(5, 2021)"
31489557,Car,Kia,Picanto,1968,133821,596499,0,"(10, 2021)"
11927152,Car,Kia,Rio,1993,102281,4438506,0,"(9, 2021)"
51509543,Motorbike,Royal Enfield,Bullet,2014,195656
78722840,Motorbike,Yamaha,VMAX,2015,107863
92252735,Car,Toyota,Yaris,2018,195720
75066302,Car,Skoda,Superb,1952,135662,4943004,0,"(10, 2021)"
22291214,Car,Tesla,Model S,1980,192237,625870,5,"(6, 2021)"
60098748,Car,Kia,Forte,2021,58518
80905936,Car,Kia,Picanto,2020,32551
54022978,Motorbike,Royal Enfield,Bullet,2021,149490
45708206,Motorbike,Yamaha,VMAX,2014,188251
45867737,Car,Kia,Forte,2019,246065
54261622,Motorbike,Royal Enfield,Classic,2010,169913
41775155,Car,Kia,Sportage,1980,189220,1023833,0,"(1, 2021)"
66586691,Motorbike,Yamaha,VMAX,2017,24788
97316642,Car,Skoda,Octavia,1994,245347,4536998,2,"(3, 2021)"
66021698,Motorbike,Yamaha,SZ-X,2012,152748
23629019,Car,Tesla,Model 3,1951,191766,2523000,0,"(5, 2021)"
51628062,Motorbike,Royal Enfield,Bullet,2021,39048
10049927,Motorbike,Royal Enfield,Classic,2022,233518
79617018,Motorbike,Royal Enfield,Bullet,2021,248033
53652165,Car,Kia,Rio,2015,234192
69056168,Motorbike,Yamaha,SZ-X,2014,241239
14848746,Motorbike,Yamaha,SZ-X,1978,89882,2140934,0,"(7, 2021)"
82849289,Car,Kia,Forte,1997,75320,1209021,2,"(11, 2021)"
16505687,Car,Kia,Forte,2013,131560
58922672,Motorbike,Yamaha,SZ-X,2014,194511
36439832,Motorbike,Yamaha,FZ,2020,212612
30227705,Motorbike,Royal Enfield,Classic,2010,15926
40836066,Car,Tesla,Model Y,2019,192041
42463708,Motorbike,Yamaha,FZ,1990,202123,3264853,1,"(11, 2021)"
16420543,Motorbike,Yamaha,SZ-X,2012,188749
10499561,Motorbike,Yamaha,VMAX,2016,122627
18690689,Motorbike,Yamaha,SZ-X,1981,223078,304735,1,"(2, 2021)"
82211825,Car,Kia,Picanto,2016,24474
20274399,Car,Kia,Picanto,1975,171760,4038851,4,"(6, 2021)"
59723851,Car,Tesla,Model S,2016,26326
70532706,Motorbike,Royal Enfield,Classic,2016,225362
78209739,Motorbike,Royal Enfield,Himalayan,2020,105918
83130460,Motorbike,Royal Enfield,Himalayan,1958,161702,1441915,1,"(7, 2021)"
83038005,Motorbike,Royal Enfield,Bullet,1965,169415,833025,6,"(3, 2021)"
40291176,Car,Kia,Forte,2014,50028
27225141,Car,Toyota,Corolla,2021,44568
27754758,Car,Tesla,Model S,2022,152805
43979332,Motorbike,Yamaha,SZ-X,2018,43576
97349647,Motorbike,Yamaha,FZ,2021,88620
49410092,Car,Toyota,Yaris,2020,62824
58202593,Motorbike,Yamaha,SZ-X,2018,73729
25456158,Motorbike,Yamaha,VMAX,2016,249083
26456023,Car,Kia,Picanto,2017,48310
61389055,Motorbike,Yamaha,SZ-X,1961,10536,1300626,0,"(10, 2021)"
36693664,Car,Skoda,Superb,2018,153519
73189899,Car,Toyota,Corolla,2010,87044
64734018,Motorbike,Royal Enfield,Himalayan,2022,209666
71929174,Motorbike,Royal Enfield,Himalayan,2011,104514
48592531,Car,Tesla,Model S,2019,66845
87101642,Car,Toyota,Prius,2018,33730
24822222,Car,Skoda,Octavia,1958,217448,2958833,2,"(8, 2021)"
29188772,Car,Tesla,Model Y,2014,32884
21457137,Motorbike,Royal Enfield,Bullet,2022,127315
30868137,Car,Kia,Picanto,2020,235995
27245684,Car,Kia,Rio,1972,159978,429423,0,"(10, 2021)"
31266135,Car,Toyota,Yaris,2020,204903
94529583,Car,Kia,Picanto,2022,165414
67947056,Motorbike,Yamaha,FZ,2012,110692
22486363,Motorbike,Royal Enfield,Bullet,2016,124529
86816977,Motorbike,Yamaha,VMAX,2018,51182
97630157,Car,Kia,Picanto,2017,147764
43006494,Car,Toyota,Prius,2014,227832
23786864,Motorbike,Royal Enfield,Himalayan,1991,247443,1940203,3,"(7, 2021)"
96647147,Motorbike,Royal Enfield,Himalayan,2018,89064
55008398,Car,Tesla,Model S,2011,206816
20420858,Motorbike,Royal Enfield,Himalayan,2019,107779
69766703,Car,Kia,Rio,2022,216533
47866177,Motorbike,Yamaha,SZ-X,1980,195808,4867994,1,"(4, 2021)"
56092800,Motorbike,Yamaha,SZ-X,2016,112311
80571577,Motorbike,Yamaha,VMAX,2017,22612
29221854,Car,Toyota,Prius,2011,236840
37756063,Motorbike,Royal Enfield,Classic,2014,178625
70899390,Car,Skoda,Octavia,2022,112242
62074352,Motorbike,Yamaha,SZ-X,2021,219215
92995225,Motorbike,Royal Enfield,Bullet,1997,50634,1932135,6,"(5, 2021)"
15041823,Motorbike,Royal Enfield,Himalayan,1955,45260,423729,1,"(11, 2021)"
58772528,Car,Tesla,Model Y,1996,120791,1976945,0,"(7, 2021)"
35143668,Motorbike,Royal Enfield,Bullet,2011,166550
99623537,Motorbike,Royal Enfield,Classic,2022,126736
24421249,Motorbike,Yamaha,SZ-X,1956,231803,2233177,4,"(11, 2021)"
34925300,Car,Tesla,Model 3,2013,177828
18783653,Motorbike,Yamaha,SZ-X,2016,205366
36119365,Car,Kia,Sportage,2016,149773
11996911,Car,Kia,Sportage,2011,77413
46389195,Motorbike,Yamaha,FZ,2014,125160
63723492,Car,Kia,Sportage,2015,75579
56345761,Car,Tesla,Model S,2022,164150
37540952,Motorbike,Yamaha,FZ,2018,100981
93462965,Car,Skoda,Superb,2012,183241
78840926,Motorbike,Yamaha,FZ,1994,144275,490404,0,"(9, 2021)"
64865130,Motorbike,Royal Enfield,Himalayan,2013,140042
64808266,Motorbike,Yamaha,FZ,2011,200865
16453106,Motorbike,Yamaha,FZ,2021,214574
95352134,Car,Skoda,Octavia,1963,112694,2128603,5,"(2, 2021)"
88405958,Car,Toyota,Prius,2018,107049
65632233,Car,Skoda,Octavia,2013,205077
34796058,Car,Kia,Sportage,1986,181767,4861602,1,"(6, 2021)"
19934185,Motorbike,Royal Enfield,Classic,2016,105951
73011295,Car,Tesla,Model S,1997,221004,2160223,2,"(1, 2021)"
65893188,Motorbike,Yamaha,SZ-X,2011,214615
26434728,Motorbike,Yamaha,SZ-X,2013,19020
32369069,Car,Kia,Rio,2010,64384
48948394,Car,Skoda,Superb,2018,191725
87634026,Motorbike,Yamaha,FZ,2012,227334
89636901,Motorbike,Royal Enfield,Bullet,1966,178687,919356,6,"(11, 2021)"
93277226,Car,Tesla,Model 3,1966,125993,4751586,0,"(8, 2021)"
89330143,Motorbike,Yamaha,SZ-X,1996,181886,2270073,0,"(3, 2021)"
29346620,Car,Tesla,Model Y,1972,67528,4395007,0,"(11, 2021)"
11894727,Car,Kia,Sportage,2016,197324
74845383,Motorbike,Yamaha,FZ,2018,88005
82713516,Motorbike,Yamaha,VMAX,2016,33867
76756331,Car,Skoda,Octavia,2017,32052
48893422,Car,Toyota,Corolla,1988,73171,705130,5,"(6, 2021)"
81737671,Car,Toyota,Corolla,1972,115845,4928986,1,"(9, 2021)"
13212692,Car,Toyota,Prius,2014,119974
12186097,Motorbike,Yamaha,VMAX,2021,62289
82260734,Motorbike,Royal Enfield,Classic,2011,240824
98319549,Car,Toyota,Corolla,2014,135332
57931948,Motorbike,Royal Enfield,Bullet,1958,169151,305611,1,"(9, 2021)"
70893252,Motorbike,Royal Enfield,Himalayan,2013,242175
23277665,Motorbike,Royal Enfield,Bullet,2012,137859
40967253,Car,Skoda,Superb,1987,193785,2405168,3,"(11, 2021)"
37386250,Car,Kia,Sportage,2015,120090
86322409,Motorbike,Royal Enfield,Classic,1997,121716,1926454,1,"(2, 2021)"
74204387,Car,Tesla,Model S,1968,166602,3610225,0,"(11, 2021)"
43175264,Car,Tesla,Model Y,1971,61745,121146,1,"(5, 2021)"
70526229,Car,Tesla,Model Y,2014,183267
52280725,Motorbike,Royal Enfield,Classic,2015,115522
73319609,Motorbike,Royal Enfield,Bullet,2014,132262
94444586,Motorbike,Royal Enfield,Classic,1982,107463,2763384,0,"(8, 2021)"
72804727,Motorbike,Yamaha,SZ-X,2013,102750
66573460,Motorbike,Royal Enfield,Classic,2018,123321
50430890,Motorbike,Yamaha,FZ,1970,174325,1002874,1,"(8, 2021)"
68667728,Motorbike,Royal Enfield,Himalayan,2021,240705
40669995,Car,Skoda,Superb,2015,199110
95564964,Car,Tesla,Model Y,1998,181737,2013181,0,"(1, 2021)"
66383399,Motorbike,Royal Enfield,Bullet,1991,171767,1584127,0,"(5, 2021)"
86387717,Car,Kia,Rio,1970,32212,2981648,1,"(10, 2021)"
63691405,Motorbike,Yamaha,SZ-X,2020,38227
36677842,Car,Kia,Picanto,2010,234499
82963988,Motorbike,Royal Enfield,Classic,2013,46260
76443902,Car,Toyota,Yaris,2013,179276
32084920,Car,Kia,Rio,1954,184544,908034,6,"(1, 2021)"
92507574,Car,Skoda,Octavia,2019,158855
59014524,Motorbike,Yamaha,VMAX,2010,246772
29331291,Car,Kia,Forte,1962,41827,290154,1,"(9, 2021)"
22828873,Motorbike,Royal Enfield,Himalayan,2017,174002
17765705,Car,Tesla,Model 3,2020,188835
59515824,Motorbike,Royal Enfield,Classic,2011,145312
70799644,Car,Skoda,Octavia,2019,54318
99437812,Car,Toyota,Corolla,1959,59007,167658,1,"(9, 2021)"
64713879,Car,Kia,Rio,2010,169383
92418902,Motorbike,Royal Enfield,Himalayan,2019,149490
10388995,Car,Skoda,Octavia,2020,246015
92637687,Car,Tesla,Model S,1997,71732,2053380,0,"(10, 2021)"
49155227,Motorbike,Royal Enfield,Bullet,2012,31927
80076261,Car,Kia,Rio,2010,232624
78769304,Car,Tesla,Model 3,2014,128433
35937655,Motorbike,Yamaha,VMAX,1986,86275,727545,10,"(6, 2021)"
78713973,Motorbike,Royal Enfield,Classic,2019,125171
53490577,Motorbike,Royal Enfield,Classic,1963,216719,4444076,4,"(8, 2021)"
34257564,Car,Tesla,Model 3,2011,51773
86894657,Car,Toyota,Prius,2010,143384
20760106,Motorbike,Yamaha,VMAX,2018,119144
43740595,Car,Toyota,Prius,2010,42522
37610022,Car,Tesla,Model 3,1983,194051,979272,1,"(5, 2021)"
72828156,Car,Tesla,Model 3,1954,197811,3663137,2,"(2, 2021)"
82987488,Car,Tesla,Model S,1974,183054,2714748,3,"(2, 2021)"
96363660,Motorbike,Royal Enfield,Bullet,1955,160711,3486683,0,"(2, 2021)"
65243822,Car,Toyota,Yaris,2015,66910
58686265,Motorbike,Royal Enfield,Bullet,2012,95801
16798548,Motorbike,Yamaha,FZ,2019,73381
77177390,Motorbike,Royal Enfield,Himalayan,2017,185537
72434366,Motorbike,Yamaha,VMAX,1961,12388,1760991,1,"(5, 2021)"
15613569,Car,Skoda,Octavia,2020,240680
85838309,Car,Kia,Picanto,1956,20148,568508,4,"(3, 2021)"
74696414,Motorbike,Royal Enfield,Classic,2015,122966
18563111,Car,Tesla,Model Y,2010,238358
44104740,Motorbike,Yamaha,VMAX,2010,19716
62957286,Motorbike,Yamaha,VMAX,2015,248745
25461559,Motorbike,Yamaha,FZ,1979,55942,4823887,1,"(7, 2021)"
65979421,Motorbike,Yamaha,FZ,2015,159873
56137084,Motorbike,Yamaha,SZ-X,2011,54698
91073299,Motorbike,Yamaha,FZ,2021,155400
67326169,Car,Tesla,Model Y,2020,226580
87206861,Motorbike,Yamaha,FZ,2017,242392
22256134,Motorbike,Yamaha,VMAX,1977,181331,2485187,4,"(8, 2021)"
73410191,Motorbike,Royal Enfield,Classic,2020,243415
60736127,Car,Skoda,Superb,1950,154309,4613741,0,"(9, 2021)"
22787660,Motorbike,Royal Enfield,Classic,2021,101093
72842133,Motorbike,Yamaha,VMAX,1956,70127,1678722,2,"(4, 2021)"
99132398,Motorbike,Royal Enfield,Classic,2010,96613
27344520,Motorbike,Royal Enfield,Bullet,1955,225194,927533,18,"(10, 2021)"
57542040,Motorbike,Royal Enfield,Bullet,2021,245085
19416672,Motorbike,Royal Enfield,Himalayan,2015,196221
74225145,Car,Skoda,Octavia,1981,146192,4515300,0,"(9, 2021)"
84669724,Car,Kia,Rio,1967,185628,2830577,0,"(5, 2021)"
80896184,Motorbike,Royal Enfield,Bullet,2018,131379
11497374,Motorbike,Royal Enfield,Himalayan,2013,232429
22877616,Car,Tesla,Model S,2013,106261
56706424,Car,Toyota,Yaris,2021,119654
87421741,Motorbike,Royal Enfield,Classic,2021,71334
99510571,Car,Tesla,Model S,2016,139215
65249606,Motorbike,Royal Enfield,Bullet,2015,164187
91339167,Motorbike,Yamaha,SZ-X,2019,42843
76307291,Motorbike,Royal Enfield,Classic,2017,216485
53830203,Car,Tesla,Model 3,1980,88976,1378795,0,"(9, 2021)"
34605088,Car,Skoda,Octavia,2021,35446
73178807,Motorbike,Royal Enfield,Classic,2021,25287
10530398,Car,Tesla,Model 3,1948,81619,3197784,1,"(6, 2021)"
45136653,Car,Toyota,Prius,1987,137898,2962635,4,"(9, 2021)"
61562547,Car,Toyota,Yaris,1955,34908,989329,0,"(5, 2021)"
66560975,Motorbike,Yamaha,VMAX,2010,135258
59001991,Car,Skoda,Octavia,2014,146612
81557535,Car,Skoda,Octavia,2010,241385
73053366,Car,Skoda,Superb,2016,106601
76160952,Car,Kia,Rio,2022,13382
60370976,Motorbike,Yamaha,FZ,1955,70790,1350765,5,"(6, 2021)"
64922547,Motorbike,Yamaha,VMAX,1960,107876,393419,0,"(7, 2021)"
17988801,Car,Toyota,Prius,2018,194454
81127838,Car,Kia,Sportage,2020,235980
73602895,Motorbike,Yamaha,VMAX,2018,186169
35382145,Motorbike,Yamaha,SZ-X,1994,51094,4947939,0,"(1, 2021)"
14303734,Motorbike,Royal Enfield,Classic,1983,26461,388368,7,"(6, 2021)"
75149420,Car,Kia,Rio,1960,236601,1790948,0,"(3, 2021)"
83403571,Car,Toyota,Prius,2022,86163
29458830,Car,Kia,Picanto,2012,243339
80598526,Car,Kia,Picanto,1988,95839,3368070,0,"(10, 2021)"
40987739,Car,Tesla,Model Y,1996,36510,4879304,0,"(1, 2021)"
75239852,Motorbike,Yamaha,FZ,2015,90677
80306274,Motorbike,Yamaha,VMAX,1995,103990,1696653,1,"(10, 2021)"
51553820,Motorbike,Royal Enfield,Bullet,2016,163787
35497066,Car,Tesla,Model 3,2017,246761
77155659,Motorbike,Royal Enfield,Classic,2013,33348
30190998,Car,Toyota,Yaris,2021,183679
64291321,Motorbike,Royal Enfield,Himalayan,1981,159377,4729260,1,"(5, 2021)"
